basis,period,period_type,segment,metric,value,accession,document
2022,2021,FY,Self-Serve & Add-Ons,subscribers_k,1554.7,0001837686-23-000006,vmeo-20221231.htm
2022,2021,FY,Self-Serve & Add-Ons,avg_subscribers_k,1443.6,0001837686-23-000006,vmeo-20221231.htm
2022,2021,FY,Self-Serve & Add-Ons,arpu_usd,191,0001837686-23-000006,vmeo-20221231.htm
2022,2021,FY,Self-Serve & Add-Ons,bookings_k,301463,0001837686-23-000006,vmeo-20221231.htm
2022,2021,FY,Self-Serve & Add-Ons,revenue_k,275259,0001837686-23-000006,vmeo-20221231.htm
2022,2021,FY,Vimeo Enterprise,subscribers_k,1.6,0001837686-23-000006,vmeo-20221231.htm
2022,2021,FY,Vimeo Enterprise,avg_subscribers_k,1.2,0001837686-23-000006,vmeo-20221231.htm
2022,2021,FY,Vimeo Enterprise,arpu_usd,19683,0001837686-23-000006,vmeo-20221231.htm
2022,2021,FY,Vimeo Enterprise,bookings_k,30567,0001837686-23-000006,vmeo-20221231.htm
2022,2021,FY,Vimeo Enterprise,revenue_k,23236,0001837686-23-000006,vmeo-20221231.htm
2022,2021,FY,Other,subscribers_k,138.7,0001837686-23-000006,vmeo-20221231.htm
2022,2021,FY,Other,avg_subscribers_k,168.0,0001837686-23-000006,vmeo-20221231.htm
2022,2021,FY,Other,arpu_usd,555,0001837686-23-000006,vmeo-20221231.htm
2022,2021,FY,Other,bookings_k,72565,0001837686-23-000006,vmeo-20221231.htm
2022,2021,FY,Other,revenue_k,93183,0001837686-23-000006,vmeo-20221231.htm
2022,2022,FY,Self-Serve & Add-Ons,subscribers_k,1505.0,0001837686-24-000021,vmeo-20231231.htm
2022,2022,FY,Self-Serve & Add-Ons,avg_subscribers_k,1529.9,0001837686-24-000021,vmeo-20231231.htm
2022,2022,FY,Self-Serve & Add-Ons,arpu_usd,199,0001837686-24-000021,vmeo-20231231.htm
2022,2022,FY,Self-Serve & Add-Ons,bookings_k,297312,0001837686-24-000021,vmeo-20231231.htm
2022,2022,FY,Self-Serve & Add-Ons,revenue_k,304726,0001837686-24-000021,vmeo-20231231.htm
2022,2022,FY,Vimeo Enterprise,subscribers_k,2.2,0001837686-24-000021,vmeo-20231231.htm
2022,2022,FY,Vimeo Enterprise,avg_subscribers_k,1.9,0001837686-24-000021,vmeo-20231231.htm
2022,2022,FY,Vimeo Enterprise,arpu_usd,20321,0001837686-24-000021,vmeo-20231231.htm
2022,2022,FY,Vimeo Enterprise,bookings_k,46781,0001837686-24-000021,vmeo-20231231.htm
2022,2022,FY,Vimeo Enterprise,revenue_k,39271,0001837686-24-000021,vmeo-20231231.htm
2022,2022,FY,Other,subscribers_k,93.3,0001837686-24-000021,vmeo-20231231.htm
2022,2022,FY,Other,avg_subscribers_k,116.0,0001837686-24-000021,vmeo-20231231.htm
2022,2022,FY,Other,arpu_usd,767,0001837686-24-000021,vmeo-20231231.htm
2022,2022,FY,Other,bookings_k,67015,0001837686-24-000021,vmeo-20231231.htm
2022,2022,FY,Other,revenue_k,89031,0001837686-24-000021,vmeo-20231231.htm
2022,2023,FY,Self-Serve & Add-Ons,subscribers_k,1379.7,0001837686-25-000024,vmeo-20241231.htm
2022,2023,FY,Self-Serve & Add-Ons,avg_subscribers_k,1442.4,0001837686-25-000024,vmeo-20241231.htm
2022,2023,FY,Self-Serve & Add-Ons,arpu_usd,198,0001837686-25-000024,vmeo-20241231.htm
2022,2023,FY,Self-Serve & Add-Ons,bookings_k,281548,0001837686-25-000024,vmeo-20241231.htm
2022,2023,FY,Self-Serve & Add-Ons,revenue_k,285529,0001837686-25-000024,vmeo-20241231.htm
2022,2023,FY,Vimeo Enterprise,subscribers_k,3.3,0001837686-25-000024,vmeo-20241231.htm
2022,2023,FY,Vimeo Enterprise,avg_subscribers_k,2.8,0001837686-25-000024,vmeo-20241231.htm
2022,2023,FY,Vimeo Enterprise,arpu_usd,20269,0001837686-25-000024,vmeo-20241231.htm
2022,2023,FY,Vimeo Enterprise,bookings_k,71435,0001837686-25-000024,vmeo-20241231.htm
2022,2023,FY,Vimeo Enterprise,revenue_k,56499,0001837686-25-000024,vmeo-20241231.htm
2022,2023,FY,Other,subscribers_k,67.0,0001837686-25-000024,vmeo-20241231.htm
2022,2023,FY,Other,avg_subscribers_k,80.1,0001837686-25-000024,vmeo-20241231.htm
2022,2023,FY,Other,arpu_usd,938,0001837686-25-000024,vmeo-20241231.htm
2022,2023,FY,Other,bookings_k,50106,0001837686-25-000024,vmeo-20241231.htm
2022,2023,FY,Other,revenue_k,75186,0001837686-25-000024,vmeo-20241231.htm
2022,2024,FY,Self-Serve & Add-Ons,subscribers_k,1227.7,0001837686-25-000024,vmeo-20241231.htm
2022,2024,FY,Self-Serve & Add-Ons,avg_subscribers_k,1303.7,0001837686-25-000024,vmeo-20241231.htm
2022,2024,FY,Self-Serve & Add-Ons,arpu_usd,208,0001837686-25-000024,vmeo-20241231.htm
2022,2024,FY,Self-Serve & Add-Ons,bookings_k,260667,0001837686-25-000024,vmeo-20241231.htm
2022,2024,FY,Self-Serve & Add-Ons,revenue_k,271691,0001837686-25-000024,vmeo-20241231.htm
2022,2024,FY,Vimeo Enterprise,subscribers_k,4.0,0001837686-25-000024,vmeo-20241231.htm
2022,2024,FY,Vimeo Enterprise,avg_subscribers_k,3.7,0001837686-25-000024,vmeo-20241231.htm
2022,2024,FY,Vimeo Enterprise,arpu_usd,22755,0001837686-25-000024,vmeo-20241231.htm
2022,2024,FY,Vimeo Enterprise,bookings_k,98640,0001837686-25-000024,vmeo-20241231.htm
2022,2024,FY,Vimeo Enterprise,revenue_k,83191,0001837686-25-000024,vmeo-20241231.htm
2022,2024,FY,Other,subscribers_k,50.0,0001837686-25-000024,vmeo-20241231.htm
2022,2024,FY,Other,avg_subscribers_k,58.5,0001837686-25-000024,vmeo-20241231.htm
2022,2024,FY,Other,arpu_usd,1062,0001837686-25-000024,vmeo-20241231.htm
2022,2024,FY,Other,bookings_k,43727,0001837686-25-000024,vmeo-20241231.htm
2022,2024,FY,Other,revenue_k,62124,0001837686-25-000024,vmeo-20241231.htm
2025,2025Q1,Q,Self-Serve,subscribers_k,1189.3,0001837686-25-000056,vmeo-20250331.htm
2025,2025Q1,Q,Self-Serve,avg_subscribers_k,1205.4,0001837686-25-000056,vmeo-20250331.htm
2025,2025Q1,Q,Self-Serve,arpu_usd,189,0001837686-25-000056,vmeo-20250331.htm
2025,2025Q1,Q,Self-Serve,bookings_k,61113,0001837686-25-000056,vmeo-20250331.htm
2025,2025Q1,Q,Self-Serve,revenue_k,56112,0001837686-25-000056,vmeo-20250331.htm
2025,2025Q1,Q,Vimeo Enterprise,subscribers_k,4.1,0001837686-25-000056,vmeo-20250331.htm
2025,2025Q1,Q,Vimeo Enterprise,avg_subscribers_k,4.0,0001837686-25-000056,vmeo-20250331.htm
2025,2025Q1,Q,Vimeo Enterprise,arpu_usd,24624,0001837686-25-000056,vmeo-20250331.htm
2025,2025Q1,Q,Vimeo Enterprise,bookings_k,22620,0001837686-25-000056,vmeo-20250331.htm
2025,2025Q1,Q,Vimeo Enterprise,revenue_k,24424,0001837686-25-000056,vmeo-20250331.htm
2025,2025Q1,Q,OTT,subscribers_k,3.2,0001837686-25-000056,vmeo-20250331.htm
2025,2025Q1,Q,OTT,avg_subscribers_k,3.2,0001837686-25-000056,vmeo-20250331.htm
2025,2025Q1,Q,OTT,arpu_usd,15696,0001837686-25-000056,vmeo-20250331.htm
2025,2025Q1,Q,OTT,bookings_k,9066,0001837686-25-000056,vmeo-20250331.htm
2025,2025Q1,Q,OTT,revenue_k,12243,0001837686-25-000056,vmeo-20250331.htm
2025,2025Q1,Q,Add-Ons,revenue_k,8582,0001837686-25-000056,vmeo-20250331.htm
2025,2025Q1,Q,Other,revenue_k,1673,0001837686-25-000056,vmeo-20250331.htm
2025,2024Q1,Q,Self-Serve,subscribers_k,1341.6,0001837686-25-000056,vmeo-20250331.htm
2025,2024Q1,Q,Self-Serve,avg_subscribers_k,1357.1,0001837686-25-000056,vmeo-20250331.htm
2025,2024Q1,Q,Self-Serve,arpu_usd,175,0001837686-25-000056,vmeo-20250331.htm
2025,2024Q1,Q,Self-Serve,bookings_k,57671,0001837686-25-000056,vmeo-20250331.htm
2025,2024Q1,Q,Self-Serve,revenue_k,59107,0001837686-25-000056,vmeo-20250331.htm
2025,2024Q1,Q,Vimeo Enterprise,subscribers_k,3.7,0001837686-25-000056,vmeo-20250331.htm
2025,2024Q1,Q,Vimeo Enterprise,avg_subscribers_k,3.5,0001837686-25-000056,vmeo-20250331.htm
2025,2024Q1,Q,Vimeo Enterprise,arpu_usd,21203,0001837686-25-000056,vmeo-20250331.htm
2025,2024Q1,Q,Vimeo Enterprise,bookings_k,19935,0001837686-25-000056,vmeo-20250331.htm
2025,2024Q1,Q,Vimeo Enterprise,revenue_k,18467,0001837686-25-000056,vmeo-20250331.htm
2025,2024Q1,Q,OTT,subscribers_k,3.0,0001837686-25-000056,vmeo-20250331.htm
2025,2024Q1,Q,OTT,avg_subscribers_k,3.0,0001837686-25-000056,vmeo-20250331.htm
2025,2024Q1,Q,OTT,arpu_usd,17331,0001837686-25-000056,vmeo-20250331.htm
2025,2024Q1,Q,OTT,bookings_k,9593,0001837686-25-000056,vmeo-20250331.htm
2025,2024Q1,Q,OTT,revenue_k,13059,0001837686-25-000056,vmeo-20250331.htm
2025,2024Q1,Q,Add-Ons,revenue_k,10804,0001837686-25-000056,vmeo-20250331.htm
2025,2024Q1,Q,Other,revenue_k,3473,0001837686-25-000056,vmeo-20250331.htm
2025,2025Q2,Q,Self-Serve,subscribers_k,1156.5,0001837686-25-000093,vmeo-20250630.htm
2025,2025Q2,Q,Self-Serve,avg_subscribers_k,1172.9,0001837686-25-000093,vmeo-20250630.htm
2025,2025Q2,Q,Self-Serve,arpu_usd,197,0001837686-25-000093,vmeo-20250630.htm
2025,2025Q2,Q,Self-Serve,bookings_k,64972,0001837686-25-000093,vmeo-20250630.htm
2025,2025Q2,Q,Self-Serve,revenue_k,57555,0001837686-25-000093,vmeo-20250630.htm
2025,2025Q2,Q,Vimeo Enterprise,subscribers_k,4.0,0001837686-25-000093,vmeo-20250630.htm
2025,2025Q2,Q,Vimeo Enterprise,avg_subscribers_k,4.1,0001837686-25-000093,vmeo-20250630.htm
2025,2025Q2,Q,Vimeo Enterprise,arpu_usd,24705,0001837686-25-000093,vmeo-20250630.htm
2025,2025Q2,Q,Vimeo Enterprise,bookings_k,25595,0001837686-25-000093,vmeo-20250630.htm
2025,2025Q2,Q,Vimeo Enterprise,revenue_k,24997,0001837686-25-000093,vmeo-20250630.htm
2025,2025Q2,Q,OTT,subscribers_k,3.1,0001837686-25-000093,vmeo-20250630.htm
2025,2025Q2,Q,OTT,avg_subscribers_k,3.1,0001837686-25-000093,vmeo-20250630.htm
2025,2025Q2,Q,OTT,arpu_usd,15720,0001837686-25-000093,vmeo-20250630.htm
2025,2025Q2,Q,OTT,bookings_k,7364,0001837686-25-000093,vmeo-20250630.htm
2025,2025Q2,Q,OTT,revenue_k,12268,0001837686-25-000093,vmeo-20250630.htm
2025,2025Q2,Q,Add-Ons,revenue_k,8197,0001837686-25-000093,vmeo-20250630.htm
2025,2025Q2,Q,Other,revenue_k,1633,0001837686-25-000093,vmeo-20250630.htm
2025,2024Q2,Q,Self-Serve,subscribers_k,1298.1,0001837686-25-000093,vmeo-20250630.htm
2025,2024Q2,Q,Self-Serve,avg_subscribers_k,1319.8,0001837686-25-000093,vmeo-20250630.htm
2025,2024Q2,Q,Self-Serve,arpu_usd,178,0001837686-25-000093,vmeo-20250630.htm
2025,2024Q2,Q,Self-Serve,bookings_k,58644,0001837686-25-000093,vmeo-20250630.htm
2025,2024Q2,Q,Self-Serve,revenue_k,58374,0001837686-25-000093,vmeo-20250630.htm
2025,2024Q2,Q,Vimeo Enterprise,subscribers_k,3.7,0001837686-25-000093,vmeo-20250630.htm
2025,2024Q2,Q,Vimeo Enterprise,avg_subscribers_k,3.7,0001837686-25-000093,vmeo-20250630.htm
2025,2024Q2,Q,Vimeo Enterprise,arpu_usd,21977,0001837686-25-000093,vmeo-20250630.htm
2025,2024Q2,Q,Vimeo Enterprise,bookings_k,23433,0001837686-25-000093,vmeo-20250630.htm
2025,2024Q2,Q,Vimeo Enterprise,revenue_k,20051,0001837686-25-000093,vmeo-20250630.htm
2025,2024Q2,Q,OTT,subscribers_k,2.9,0001837686-25-000093,vmeo-20250630.htm
2025,2024Q2,Q,OTT,avg_subscribers_k,3.0,0001837686-25-000093,vmeo-20250630.htm
2025,2024Q2,Q,OTT,arpu_usd,17107,0001837686-25-000093,vmeo-20250630.htm
2025,2024Q2,Q,OTT,bookings_k,7492,0001837686-25-000093,vmeo-20250630.htm
2025,2024Q2,Q,OTT,revenue_k,12641,0001837686-25-000093,vmeo-20250630.htm
2025,2024Q2,Q,Add-Ons,revenue_k,10190,0001837686-25-000093,vmeo-20250630.htm
2025,2024Q2,Q,Other,revenue_k,3120,0001837686-25-000093,vmeo-20250630.htm
2025,2025Q3,Q,Self-Serve,subscribers_k,1127.9,0001837686-25-000110,vmeo-20250930.htm
2025,2025Q3,Q,Self-Serve,avg_subscribers_k,1142.2,0001837686-25-000110,vmeo-20250930.htm
2025,2025Q3,Q,Self-Serve,arpu_usd,204,0001837686-25-000110,vmeo-20250930.htm
2025,2025Q3,Q,Self-Serve,bookings_k,60837,0001837686-25-000110,vmeo-20250930.htm
2025,2025Q3,Q,Self-Serve,revenue_k,58743,0001837686-25-000110,vmeo-20250930.htm
2025,2025Q3,Q,Vimeo Enterprise,subscribers_k,4.2,0001837686-25-000110,vmeo-20250930.htm
2025,2025Q3,Q,Vimeo Enterprise,avg_subscribers_k,4.1,0001837686-25-000110,vmeo-20250930.htm
2025,2025Q3,Q,Vimeo Enterprise,arpu_usd,24567,0001837686-25-000110,vmeo-20250930.htm
2025,2025Q3,Q,Vimeo Enterprise,bookings_k,24620,0001837686-25-000110,vmeo-20250930.htm
2025,2025Q3,Q,Vimeo Enterprise,revenue_k,25503,0001837686-25-000110,vmeo-20250930.htm
2025,2025Q3,Q,OTT,subscribers_k,3.1,0001837686-25-000110,vmeo-20250930.htm
2025,2025Q3,Q,OTT,avg_subscribers_k,3.1,0001837686-25-000110,vmeo-20250930.htm
2025,2025Q3,Q,OTT,arpu_usd,15240,0001837686-25-000110,vmeo-20250930.htm
2025,2025Q3,Q,OTT,bookings_k,8221,0001837686-25-000110,vmeo-20250930.htm
2025,2025Q3,Q,OTT,revenue_k,11881,0001837686-25-000110,vmeo-20250930.htm
2025,2025Q3,Q,Add-Ons,revenue_k,8025,0001837686-25-000110,vmeo-20250930.htm
2025,2025Q3,Q,Other,revenue_k,1604,0001837686-25-000110,vmeo-20250930.htm
2025,2024Q3,Q,Self-Serve,subscribers_k,1269.1,0001837686-25-000110,vmeo-20250930.htm
2025,2024Q3,Q,Self-Serve,avg_subscribers_k,1283.6,0001837686-25-000110,vmeo-20250930.htm
2025,2024Q3,Q,Self-Serve,arpu_usd,181,0001837686-25-000110,vmeo-20250930.htm
2025,2024Q3,Q,Self-Serve,bookings_k,53583,0001837686-25-000110,vmeo-20250930.htm
2025,2024Q3,Q,Self-Serve,revenue_k,58356,0001837686-25-000110,vmeo-20250930.htm
2025,2024Q3,Q,Vimeo Enterprise,subscribers_k,3.8,0001837686-25-000110,vmeo-20250930.htm
2025,2024Q3,Q,Vimeo Enterprise,avg_subscribers_k,3.7,0001837686-25-000110,vmeo-20250930.htm
2025,2024Q3,Q,Vimeo Enterprise,arpu_usd,23043,0001837686-25-000110,vmeo-20250930.htm
2025,2024Q3,Q,Vimeo Enterprise,bookings_k,25092,0001837686-25-000110,vmeo-20250930.htm
2025,2024Q3,Q,Vimeo Enterprise,revenue_k,21675,0001837686-25-000110,vmeo-20250930.htm
2025,2024Q3,Q,OTT,subscribers_k,3.1,0001837686-25-000110,vmeo-20250930.htm
2025,2024Q3,Q,OTT,avg_subscribers_k,3.0,0001837686-25-000110,vmeo-20250930.htm
2025,2024Q3,Q,OTT,arpu_usd,16363,0001837686-25-000110,vmeo-20250930.htm
2025,2024Q3,Q,OTT,bookings_k,11092,0001837686-25-000110,vmeo-20250930.htm
2025,2024Q3,Q,OTT,revenue_k,12358,0001837686-25-000110,vmeo-20250930.htm
2025,2024Q3,Q,Add-Ons,revenue_k,9508,0001837686-25-000110,vmeo-20250930.htm
2025,2024Q3,Q,Other,revenue_k,2667,0001837686-25-000110,vmeo-20250930.htm
