tag,frame,value_usd,accession
RevenueFromContractWithCustomerExcludingAssessedTax,CY2021,391678000,0001837686-24-000021
RevenueFromContractWithCustomerExcludingAssessedTax,CY2022,433028000,0001837686-25-000024
RevenueFromContractWithCustomerExcludingAssessedTax,CY2023,417214000,0001837686-25-000024
RevenueFromContractWithCustomerExcludingAssessedTax,CY2024,417006000,0001837686-25-000024
RevenueFromContractWithCustomerExcludingAssessedTax,CY2024Q1,104910000,0001837686-25-000056
RevenueFromContractWithCustomerExcludingAssessedTax,CY2024Q2,104376000,0001837686-25-000093
RevenueFromContractWithCustomerExcludingAssessedTax,CY2024Q3,104564000,0001837686-25-000110
RevenueFromContractWithCustomerExcludingAssessedTax,CY2025Q1,103034000,0001837686-25-000056
RevenueFromContractWithCustomerExcludingAssessedTax,CY2025Q2,104650000,0001837686-25-000093
RevenueFromContractWithCustomerExcludingAssessedTax,CY2025Q3,105756000,0001837686-25-000110
CostOfGoodsAndServicesSold,CY2021,102537000,0001837686-24-000021
CostOfGoodsAndServicesSold,CY2022,103595000,0001837686-25-000024
CostOfGoodsAndServicesSold,CY2023,91576000,0001837686-25-000024
CostOfGoodsAndServicesSold,CY2024,90731000,0001837686-25-000024
CostOfGoodsAndServicesSold,CY2024Q1,23443000,0001837686-25-000056
CostOfGoodsAndServicesSold,CY2024Q2,22678000,0001837686-25-000093
CostOfGoodsAndServicesSold,CY2024Q3,21708000,0001837686-25-000110
CostOfGoodsAndServicesSold,CY2025Q1,24054000,0001837686-25-000056
CostOfGoodsAndServicesSold,CY2025Q2,23147000,0001837686-25-000093
CostOfGoodsAndServicesSold,CY2025Q3,23414000,0001837686-25-000110
SellingAndMarketingExpense,CY2021,152691000,0001837686-24-000021
SellingAndMarketingExpense,CY2022,170401000,0001837686-25-000024
SellingAndMarketingExpense,CY2023,151487000,0001837686-25-000024
SellingAndMarketingExpense,CY2024,119869000,0001837686-25-000024
SellingAndMarketingExpense,CY2024Q1,32305000,0001837686-25-000056
SellingAndMarketingExpense,CY2024Q2,27676000,0001837686-25-000093
SellingAndMarketingExpense,CY2024Q3,28799000,0001837686-25-000110
SellingAndMarketingExpense,CY2025Q1,33358000,0001837686-25-000056
SellingAndMarketingExpense,CY2025Q2,30260000,0001837686-25-000093
SellingAndMarketingExpense,CY2025Q3,30440000,0001837686-25-000110
ResearchAndDevelopmentExpense,CY2021,105586000,0001837686-24-000021
ResearchAndDevelopmentExpense,CY2022,127661000,0001837686-25-000024
ResearchAndDevelopmentExpense,CY2023,107074000,0001837686-25-000024
ResearchAndDevelopmentExpense,CY2024,109373000,0001837686-25-000024
ResearchAndDevelopmentExpense,CY2024Q1,28135000,0001837686-25-000056
ResearchAndDevelopmentExpense,CY2024Q2,26972000,0001837686-25-000093
ResearchAndDevelopmentExpense,CY2024Q3,26588000,0001837686-25-000110
ResearchAndDevelopmentExpense,CY2025Q1,31186000,0001837686-25-000056
ResearchAndDevelopmentExpense,CY2025Q2,29789000,0001837686-25-000093
ResearchAndDevelopmentExpense,CY2025Q3,31208000,0001837686-25-000110
GeneralAndAdministrativeExpense,CY2021,85111000,0001837686-24-000021
GeneralAndAdministrativeExpense,CY2022,107011000,0001837686-25-000024
GeneralAndAdministrativeExpense,CY2023,49194000,0001837686-25-000024
GeneralAndAdministrativeExpense,CY2024,76604000,0001837686-25-000024
GeneralAndAdministrativeExpense,CY2024Q1,18034000,0001837686-25-000056
GeneralAndAdministrativeExpense,CY2024Q2,19087000,0001837686-25-000093
GeneralAndAdministrativeExpense,CY2024Q3,19655000,0001837686-25-000110
GeneralAndAdministrativeExpense,CY2025Q1,20137000,0001837686-25-000056
GeneralAndAdministrativeExpense,CY2025Q2,17194000,0001837686-25-000093
GeneralAndAdministrativeExpense,CY2025Q3,24832000,0001837686-25-000110
OperatingIncomeLoss,CY2021,-61016000,0001837686-24-000021
OperatingIncomeLoss,CY2022,-82938000,0001837686-25-000024
OperatingIncomeLoss,CY2023,13047000,0001837686-25-000024
OperatingIncomeLoss,CY2024,18683000,0001837686-25-000024
OperatingIncomeLoss,CY2024Q1,2589000,0001837686-25-000056
OperatingIncomeLoss,CY2024Q2,7461000,0001837686-25-000093
OperatingIncomeLoss,CY2024Q3,7365000,0001837686-25-000110
OperatingIncomeLoss,CY2025Q1,-6092000,0001837686-25-000056
OperatingIncomeLoss,CY2025Q2,3724000,0001837686-25-000093
OperatingIncomeLoss,CY2025Q3,-4591000,0001837686-25-000110
NetIncomeLoss,CY2021,-52767000,0001837686-24-000021
NetIncomeLoss,CY2022,-79591000,0001837686-25-000024
NetIncomeLoss,CY2023,22032000,0001837686-25-000024
NetIncomeLoss,CY2024,27012000,0001837686-25-000024
NetIncomeLoss,CY2024Q1,6073000,0001837686-25-000056
NetIncomeLoss,CY2024Q2,10121000,0001837686-25-000093
NetIncomeLoss,CY2024Q3,9282000,0001837686-25-000110
NetIncomeLoss,CY2025Q1,-3916000,0001837686-25-000056
NetIncomeLoss,CY2025Q2,6285000,0001837686-25-000093
NetIncomeLoss,CY2025Q3,-2336000,0001837686-25-000110
AdvertisingExpense,CY2021,87100000,0001837686-24-000021
AdvertisingExpense,CY2022,76400000,0001837686-25-000024
AdvertisingExpense,CY2023,60400000,0001837686-25-000024
AdvertisingExpense,CY2024,32400000,0001837686-25-000024
ContractWithCustomerLiabilityCurrent,CY2021Q4I,173167000,0001837686-23-000006
ContractWithCustomerLiabilityCurrent,CY2022Q4I,167388000,0001837686-24-000021
ContractWithCustomerLiabilityCurrent,CY2023Q4I,168610000,0001837686-25-000024
ContractWithCustomerLiabilityCurrent,CY2024Q3I,163304000,0001837686-24-000110
ContractWithCustomerLiabilityCurrent,CY2024Q4I,161923000,0001837686-25-000110
ContractWithCustomerLiabilityCurrent,CY2025Q3I,167712000,0001837686-25-000110
